<?xml version="1.0" encoding="utf-8"?>
<extension type="module" version="2.5" client="site" method="upgrade">
    <name>SP VirtueMart Category Menu</name>
    <author>JoomShaper</author>
    <creationDate>April 2013</creationDate>
    <copyright>(C) 2013 JoomShaper. All rights reserved.</copyright>
    <license>GNU/GPL</license>
    <authorEmail>support@joomshaper.com</authorEmail>
    <authorUrl>http://www.joomshaper.com</authorUrl>
    <version>1.0.0</version>
    <description>Displays a list of VirtueMart categories and / or sub-categories to search.</description>
    <files>
        <filename module="mod_sp_vmcategorymenu">mod_sp_vmcategorymenu.php</filename>
        <filename>helper.php</filename>
        <filename>index.html</filename>
        <filename>tmpl/default.php</filename>
        <filename>tmpl/index.html</filename>
        <folder>language</folder>
        <folder>assets</folder>
    </files>
    <languages folder="language">
        <language tag="en-GB">en-GB.mod_sp_vmcategorymenu.ini</language>
    </languages>
    <config>
        <fields name="params">
           
           <fieldset name="basic">  				
              
			  <field
					name="title_wrapper"
					type="text" default="h4"
					label="SP_VMCATMENU_TITLE_WRAPPER"
					description="SP_VMCATMENU_TITLE_WRAPPER_DESC" />
			         
				
				<field
					name="title_linkable"
					type="list"
					default="1"
					label="SP_VMCATMENU_TITLE_LINKABLE"
					description="SP_VMCATMENU_TITLE_LINKABLE_DESC">
					<option value="1">JYES</option>
					<option value="0">JNO</option>
				</field>
								
		   </fieldset>
			
			
            <fieldset name="advanced">
				<field
					name="layout"
					type="modulelayout"
					label="JFIELD_ALT_LAYOUT_LABEL"
					description="JFIELD_ALT_MODULE_LAYOUT_DESC" />
					
				<field
					name="moduleclass_sfx"
					type="text"
					label="COM_MODULES_FIELD_MODULECLASS_SFX_LABEL"
					description="COM_MODULES_FIELD_MODULECLASS_SFX_DESC" />

				<field
					name="cache"
					type="list"
					default="1"
					label="COM_MODULES_FIELD_CACHING_LABEL"
					description="COM_MODULES_FIELD_CACHING_DESC">
					<option
						value="1">JGLOBAL_USE_GLOBAL</option>
					<option
						value="0">COM_MODULES_FIELD_VALUE_NOCACHING</option>
				</field>

				<field
					name="cache_time"
					type="text"
					default="900"
					label="COM_MODULES_FIELD_CACHE_TIME_LABEL"
					description="COM_MODULES_FIELD_CACHE_TIME_DESC" />
				<field
					name="cachemode"
					type="hidden"
					default="static">
					<option
						value="static"></option>
				</field>
			</fieldset>
        </fields>
    </config>
</extension>