<?xml version="1.0" encoding="utf-8"?>
<extension type="module" version="3.3" client="site" method="upgrade">
    <name>SJ Deals for VirtueMart</name>
    <creationDate>December 2014</creationDate>
    <author>YouTech Company</author>
    <copyright>Copyright (c) 2014 YouTech Company</copyright>
    <license>http://www.gnu.org/licenses/gpl-2.0.html GNU/GPL</license>
    <authorEmail>contact@ytcvn.com</authorEmail>
    <authorUrl>http://www.smartaddons.com</authorUrl>
    <version>1.0.0</version>
    <description>TPL_YTFRAMEWORK_XML_DESCRIPTION</description>
    <files>
        <filename module="mod_sj_vm_deals">mod_sj_vm_deals.php</filename>
        <filename>index.html</filename>
        <folder>assets</folder>
        <folder>core</folder>
        <folder>language</folder>
        <folder>tmpl</folder>
    </files>
    <languages/>
    <config>
        <fields name="params" addfieldpath="/modules/mod_sj_vm_deals/core/fields">
            <fieldset name="basic">
                <field name="link_target" type="list" class="btn-group" default="_self" label="Link Target"
                       description="The Type shows when you click on the link">
                    <option value="_blank">New Window</option>
                    <option value="_self">Same Window</option>
                    <option value="_windowopen">Popup Window</option>
                </field>
				  <field name="header1" type="sjheading" class="text"
                       label="For devices have screen width from 1200px to greater."
                        />
                <field name="nb-column1" type="list" default="4" label="# Column"
                       description="For devices have screen width from 1200px to greater.">
                    <option value="1">1</option>
                    <option value="2">2</option>
                    <option value="3">3</option>
                    <option value="4">4</option>
                    <option value="5">5</option>
                    <option value="6">6</option>
                </field>
                <field name="header2" type="sjheading" class="text"
                       label="For devices have screen width from 768px up to 1199px."
                        />
                <field name="nb-column2" type="list" default="4" label="# Column"
                       description="For devices have screen width from 768px up to 1199px.">
                    <option value="1">1</option>
                    <option value="2">2</option>
                    <option value="3">3</option>
                    <option value="4">4</option>
                    <option value="5">5</option>
                    <option value="6">6</option>
                </field>
                <field name="header3" type="sjheading" class="text"
                       label="For devices have screen width from 480px up to 767px."
                        />
                <field name="nb-column3" type="list" default="2" label="# Column"
                       description="For devices have screen width from 480px up to 767px.">
                    <option value="1">1</option>
                    <option value="2">2</option>
                    <option value="3">3</option>
                    <option value="4">4</option>
                    <option value="5">5</option>
                    <option value="6">6</option>
                </field>
                <field name="header4" type="sjheading" class="text"
                       label="For devices have screen width less than or equal 479px"
                        />
                <field name="nb-column4" type="list" default="1" label="# Column"
                       description="For devices have screen width less than or equal 479px.">
                    <option value="1">1</option>
                    <option value="2">2</option>
                    <option value="3">3</option>
                    <option value="4">4</option>
                    <option value="5">5</option>
                    <option value="6">6</option>
                </field>	
			</fieldset>
			
			 <fieldset name="SOURCE_OPTIONS_LABEL" label="SOURCE_OPTIONS_LABEL">
                <field type="sjheading" label="For General"/>
				<field name="item_first_product_display" type="radio" class="btn-group" default="1"
                       label="Style For First Product" description="Style For First Product">
                    <option value="1">Yes</option>
                    <option value="0">No</option>
                </field>
				<field name="catid" type="sjvmcategories" size="1"
                       default="" label="Category Preload" description="DATA_SOURCE_DESC">
                </field>
                
                <field name="levels" type="text" default="1"
                       label="Category Depth"
                       description="The number of child category levels to return."/>
                <field name="show_front" type="radio" default="show" class="btn-group" label="FEATURED_PRODUCTS_LABEL"
                       description="FEATURED_PRODUCTS_DESC">
                    <option value="show">Show</option>
                    <option value="hide">Hide</option>
                    <option value="only">Only</option>
                </field>
                <field name="source_limit" type="text" default="8" label="Limitation"
                       description="Maximum number of products to display. Enter 0 for unlimited selection."/>
				<field name="source_order" type="list" default="product_name" label="Product Order By"
                       description="Sort product by one of these.">
                    <option value="product_name">Product Name</option>
                    <option value="id">ID</option>
                    <option value="topten">Best sales</option>
                    <option value="latest">Latest</option>
                    <option value="ordering">Ordering</option>
                    <option value="product_price">Product Price</option>
                    <option value="random">Random</option>
                </field>
                <field name="product_ordering_direction" type="list" default="ASC" label="ORDERING_DIRECTION_LABEl"
                       description="ORDERING_DIRECTION_DESC">
                    <option value="DESC">Descending</option>
                    <option value="ASC">Ascending</option>
                </field>

            </fieldset>
			<fieldset name="products_options" label="Products Options">
                <field name="item_title_display" class="btn-group" type="radio" default="1" label="Display Title "
                       description="Display title of item">
                    <option value="1">Yes</option>
                    <option value="0">No</option>
                </field>
                <field name="item_title_max_characters" type="text" default="25" label="Title Maxlength"
                       description="Max length of title by characters. Enter value 0 if you want to show all. Please enter integer number >= 0."/>
                <field name="item_prices_display" type="radio" class="btn-group" default="1"
                       label="PRICES_DISPLAY_LABEL" description="PRICES_DISPLAY_DESC">
                    <option value="1">Yes</option>
                    <option value="0">No</option>
                </field>
				
				 <field name="item_rating_display" type="radio" class="btn-group" default="1"
                       label="Display Rating" description="Display Rating">
                    <option value="1">Yes</option>
                    <option value="0">No</option>
                </field>
				<field name="item_countdown_display" type="radio" class="btn-group" default="DEALS"
                       label="Display Countdown" description="Display Countdown">
                    <option value="DEALS">Yes</option>
                    <option value="POP">No</option>
                </field>
				<field name="item_percentage_discount_display" type="radio" class="btn-group" default="1"
                       label="Percentage Discount" description="Percentage Discount">
                    <option value="1">Yes</option>
                    <option value="0">No</option>
                </field>
                <field name="item_popup_display" type="radio" class="btn-group" default="1"
                       label="Display Popup" description="Display Popup">
                    <option value="1">Yes</option>
                    <option value="0">No</option>
                </field>
				<field name="item_addtocart_display" type="radio" class="btn-group" default="1"
                       label="Display Add To Cart Popup"
                       description="Allow to show/hide add to cart of product in popup">
                    <option value="1">Yes</option>
                    <option value="0">No</option>
                </field>
				<field name="item_quickview_display" type="radio" class="btn-group" default="1"
                       label="Display QuickView Popup"
                       description="Allow to show/hide quịckview of product in popup">
                    <option value="1">Yes</option>
                    <option value="0">No</option>
                </field>
				<field name="item_categori_title_display" type="radio" class="btn-group" default="1"
                       label="Display Title Module" description="Display Title Module">
                    <option value="1">Text</option>
                    <option value="0">Info Category</option>
                </field>
				<field name="item_title_text_category_characters" type="text" default="Hot Deals" label="Title Module" filter="raw"
                       description="Using when chose type title module by 'text'"/>
				<field name="item_image_category_display" type="radio" class="btn-group" default="1"
                       label="Display Image Category" description="Display Image Category">
                    <option value="1">Yes</option>
                    <option value="0">No</option>
                </field>
				<field name="item_sub_category_display" type="radio" class="btn-group" default="1"
                       label="Display Child Category" description="Display Child Category">
                    <option value="1">Yes</option>
                    <option value="0">No</option>
                </field>
				
            </fieldset>
			<fieldset name="category_options" label="Category Options">
                <field type="sjheading" label="Image Options"/>
                <field type="sjheading" label="Get Images From Image Category"/>
                <field name="imgcfgcat_from_image_category" label="IMAGE_CATEGORY_LABEL" class="btn-group"
                       description="IMAGE_CATEGORY_DESC" type="radio" default="1">
                    <option value="1">Yes</option>
                    <option value="0">No</option>
                </field>
                <field type="sjheading" label="Get Images From Image Description"/>
                <field name="imgcfgcat_from_description" label="IMAGE_DESCRIPTION_LABEL" class="btn-group"
                       description="IMAGE_DESCRIPTION_DESC" type="radio" default="1">
                    <option value="1">Yes</option>
                    <option value="0">No</option>
                </field>
                <field type="sjheading" label="Get Images From Extend Folder"/>
                <field name="imgcfgcat_from_external" label="EXTEND_FOLDER_LABEL" class="btn-group"
                       description="EXTEND_FOLDER_DESC" type="radio" default="1">
                    <option value="1">Yes</option>
                    <option value="0">No</option>
                </field>
                <field name="imgcfgcat_external_url" type="text" default="images/vm/{virtuemart_category_id}.jpg"
                       label="EXTEND_FOLDER_LABEL" description="EXTEND_FOLDER_DESC"/>
                <field name="imgcfgcat_order" type="text" default="image_category,description,external"
                       label="ORDER_GET_LABEL" description="ORDER_GET_DESC"/>
                <field name="imgcfgcat_function" type="list" default="resize_stretch" label="RESIZE_MODE_LABEL"
                       description="RESIZE_MODE_DESC">
                    <option value="none">None</option>
                    <option value="resize_center">Center</option>
                    <option value="resize_fill">Fill</option>
                    <option value="resize_fit">Fit</option>
                    <option value="resize_stretch">Stretch</option>
                </field>

                <field name="imgcfgcat_type" type="list" default="" label="IMAGE_TYPE_LABEL"
                       description="IMAGE_TYPE_DESC">
                    <option value="">Default</option>
                    <option value="1">GIF</option>
                    <option value="2">JPEG</option>
                    <option value="3">PNG</option>
                </field>
                <field name="imgcfgcat_transparency" label="KEEP_TRANSPARENCY_LABEL" class="btn-group"
                       description="KEEP_TRANSPARENCY_DESC" type="radio" default="1">
                    <option value="1">Yes</option>
                    <option value="0">No</option>
                </field>
                <field name="imgcfgcat_width" type="text" default="60" label="IMAGE_WIDTH_LABEL"
                       description="IMAGE_WIDTH_DESC"/>
                <field name="imgcfgcat_height" type="text" default="30" label="IMAGE_HEIGHT_LABEL"
                       description="IMAGE_HEIGHT_DESC"/>
                <field name="imgcfgcat_background" type="color" default="#FFFFFF" label="BACKGROUND_LABEL"
                       description="BACKGROUND_DESC"/>
                <field name="imgcfgcat_placeholder_path" type="text"
                       default="modules/mod_sj_vm_deals/assets/images/nophoto.jpg"
                       label="PLACE_HOLDER_PATH_LABEL" description="PLACE_HOLDER_PATH_DESC"/>
            </fieldset>
            <fieldset name="IMAGE_OPTIONS_LABEL" label="IMAGE_OPTIONS_LABEL">
                <field type="sjheading" label="Get Images From Product Image"/>
                <field name="imgcfg_from_image_product" class="btn-group" label="Product Image"
                       description="Product Image" type="radio" default="1">
                    <option value="1">Yes</option>
                    <option value="0">No</option>
                </field>
                <field type="sjheading" label="Get Images From Product Description"/>
                <field name="imgcfg_from_description" label="Description" class="btn-group"
                       description="Get Images From Product Description" type="radio" default="1">
                    <option value="1">Yes</option>
                    <option value="0">No</option>
                </field>
                <field type="sjheading" label="Get images From Extend Folder"/>
                <field name="imgcfg_from_external" label="EXTEND_FOLDER_LABEL" class="btn-group"
                       description="EXTEND_FOLDER_DESC" type="radio" default="1">
                    <option value="1">Yes</option>
                    <option value="0">No</option>
                </field>
                <field name="imgcfg_external_url" type="text" default="images/vm/{id}.jpg" label="EXTEND_FOLDER_LABEL"
                       description="EXTEND_FOLDER_DESC"/>
                <field name="imgcfg_order" type="text" default="image_product, description, external"
                       label="ORDER_GET_LABEL" description="ORDER_GET_DESC"/>
                <field name="imgcfg_function" default="resize_stretch" type="list" label="RESIZE_MODE_LABEL"
                       description="RESIZE_MODE_DESC">
                    <option value="none">None</option>
                    <option value="resize_center">Center</option>
                    <option value="resize_fill">Fill</option>
                    <option value="resize_fit">Fit</option>
                    <option value="resize_stretch">Stretch</option>
                </field>
                <field name="imgcfg_type" type="list" default="" label="IMAGE_TYPE_LABEL" description="IMAGE_TYPE_DESC">
                      <option value="1">GIF</option>
                    <option value="2">JPEG</option>
                    <option value="3">PNG</option>
                </field>
                <field name="imgcfg_transparency" label="KEEP_TRANSPARENCY_LABEL" class="btn-group"
                       description="KEEP_TRANSPARENCY_DESC" type="radio" default="1">
                    <option value="1">Yes</option>
                    <option value="0">No</option>
                </field>
                <field name="imgcfg_width" type="text" default="180" label="IMAGE_WIDTH_LABEL"
                       description="IMAGE_WIDTH_DESC"/>
                <field name="imgcfg_height" type="text" default="180" label="IMAGE_HEIGHT_LABEL"
                       description="IMAGE_HEIGHT_DESC"/>
                <field name="imgcfg_background" type="color" default="#FFFFFF" label="BACKGROUND_LABEL"
                       description="BACKGROUND_DESC"/>
                <field name="imgcfg_placeholder_path" type="text"
                       default="modules/mod_sj_vm_deals/assets/images/nophoto.jpg"
                       label="PLACE_HOLDER_PATH_LABEL"
                       description="PLACE_HOLDER_PATH_DESC"/>
				<field type="sjheading" label="Image for first product"/>
			 <field type="sjheading" label="Get Images From Product Image"/>
                <field name="imgcfgfd_from_image_product" class="btn-group" label="Product Image"
                       description="Product Image" type="radio" default="1">
                    <option value="1">Yes</option>
                    <option value="0">No</option>
                </field>
                <field type="sjheading" label="Get Images From Product Description"/>
                <field name="imgcfgfd_from_description" label="Description" class="btn-group"
                       description="Get Images From Product Description" type="radio" default="1">
                    <option value="1">Yes</option>
                    <option value="0">No</option>
                </field>
                <field type="sjheading" label="Get images From Extend Folder"/>
                <field name="imgcfgfd_from_external" label="EXTEND_FOLDER_LABEL" class="btn-group"
                       description="EXTEND_FOLDER_DESC" type="radio" default="1">
                    <option value="1">Yes</option>
                    <option value="0">No</option>
                </field>
                <field name="imgcfgfd_external_url" type="text" default="images/vm/{id}.jpg" label="EXTEND_FOLDER_LABEL"
                       description="EXTEND_FOLDER_DESC"/>
                <field name="imgcfgfd_order" type="text" default="image_product, description, external"
                       label="ORDER_GET_LABEL" description="ORDER_GET_DESC"/>
                <field name="imgcfgfd_function" default="resize_stretch" type="list" label="RESIZE_MODE_LABEL"
                       description="RESIZE_MODE_DESC">
                    <option value="none">None</option>
                    <option value="resize_center">Center</option>
                    <option value="resize_fill">Fill</option>
                    <option value="resize_fit">Fit</option>
                    <option value="resize_stretch">Stretch</option>
                </field>
                <field name="imgcfgfd_type" type="list" default="" label="IMAGE_TYPE_LABEL" description="IMAGE_TYPE_DESC">
                      <option value="1">GIF</option>
                    <option value="2">JPEG</option>
                    <option value="3">PNG</option>
                </field>
                <field name="imgcfgfd_transparency" label="KEEP_TRANSPARENCY_LABEL" class="btn-group"
                       description="KEEP_TRANSPARENCY_DESC" type="radio" default="1">
                    <option value="1">Yes</option>
                    <option value="0">No</option>
                </field>
                <field name="imgcfgfd_width" type="text" default="180" label="IMAGE_WIDTH_LABEL"
                       description="IMAGE_WIDTH_DESC"/>
                <field name="imgcfgfd_height" type="text" default="180" label="IMAGE_HEIGHT_LABEL"
                       description="IMAGE_HEIGHT_DESC"/>
                <field name="imgcfgfd_background" type="color" default="#FFFFFF" label="BACKGROUND_LABEL"
                       description="BACKGROUND_DESC"/>
                <field name="imgcfgfd_placeholder_path" type="text"
                       default="modules/mod_sj_vm_deals/assets/images/nophoto.jpg"
                       label="PLACE_HOLDER_PATH_LABEL"
                       description="PLACE_HOLDER_PATH_DESC"/>
            </fieldset>
			<fieldset name="effect_options" label="Effect Options">
                <field name="header6" type="sjheading" class="text"
                       label="For Type Show Slider."
                        />
                <field name="autoplay_s" label="Auto Play" class="btn-group"
                       description="Allow to show/hide navigation for Auto Play" type="radio" default="1">
                    <option value="1">Yes</option>
                    <option value="0">No</option>
                </field>
                <field name="display_nav_s" label="Display Navigation" class="btn-group"
                       description="Allow to show/hide navigation for slider" type="radio" default="1">
                    <option value="1">Yes</option>
                    <option value="0">No</option>
                </field>
                <field name="display_loop_s" label="Display Loop" class="btn-group"
                       description="Infinity loop. Duplicate last and first items to get loop illusion." type="radio" default="1">
                    <option value="1">Yes</option>
                    <option value="0">No</option>
                </field>
                <field name="touchdrag_s" label="Touch Drag" class="btn-group"
                       description="Touch drag enabled" type="radio" default="1">
                    <option value="1">Yes</option>
                    <option value="0">No</option>
                </field>
                <field name="mousedrag_s" label="Mouse Drag" class="btn-group"
                       description="Mouse drag enabled" type="radio" default="1">
                    <option value="1">Yes</option>
                    <option value="0">No</option>
                </field>
                <field name="pausehover_s" label="Pause On Hover" class="btn-group"
                       description="Pause on mouse hover" type="radio" default="1">
                    <option value="1">Yes</option>
                    <option value="0">No</option>
                </field>
                <field name="autoplay_timeout_s" label="Auto Interval Timeout" default="5000" type="text" required="true"
                       description="Autoplay interval timeout for slider.">
                </field>
                <field name="autoplay_speed_s" label="Auto Play Speed" default="2000" type="text" required="true"
                       description="">
                </field>
            </fieldset>
        </fields>
    </config>
</extension>
